,catharus_ustulatus_Call_1,catharus_ustulatus_Call_2,catharus_ustulatus_Song_1,empidonax_difficilis_Call_1,empidonax_difficilis_Call_2,empidonax_difficilis_Song_1,loxia_curvirostra_Call_1,loxia_curvirostra_Song_1,poecile_rufescens_Call_1,poecile_rufescens_Call_2,poecile_rufescens_Call_3,poecile_rufescens_Call_4,setophaga_occidentalis_Call_1,setophaga_occidentalis_Song_1,troglodytes_pacificus_Call_1,troglodytes_pacificus_Call_2,troglodytes_pacificus_Call_3,troglodytes_pacificus_Song_1
0,6.391708e-06,0.00013621352,1.9910403e-05,0.0011228134,0.0023330618,2.643056e-05,0.0015155064,0.00047282156,0.00012288743,0.0031851244,0.00016655144,0.00010694598,0.0152831,0.99517053,0.0003519858,0.00066105486,0.0022498856,2.8146926e-07
1,2.0421567e-07,5.5587865e-05,2.209632e-05,0.0010330451,0.00037172108,1.510078e-05,0.00015706006,8.796574e-05,5.618079e-05,0.00061086623,9.95984e-05,4.9792205e-05,0.007800344,0.97903216,8.434881e-05,0.0003876008,3.8751463e-05,5.21449e-08
2,4.1047252e-07,1.687267e-05,1.8412662e-06,0.00013466274,0.013489307,4.452705e-05,0.00025343098,0.000114724244,0.027796216,0.005775204,0.0005534891,0.00014530231,0.015956307,0.9994603,0.0008308977,0.0031774293,0.0017141103,1.0865919e-07
3,1.6359114e-07,6.1680457e-06,5.644524e-07,2.2823624e-05,2.2855987e-05,7.211391e-07,1.3216054e-05,1.754022e-06,7.217973e-06,6.904318e-05,2.2813438e-06,9.835401e-06,0.006584735,4.277721e-07,5.7858244e-05,1.4277005e-05,5.1752963e-06,9.773953e-10
4,8.8397534e-10,2.0523032e-07,3.8336687e-08,7.5438506e-06,0.00020819233,1.1655667e-06,5.7748994e-06,1.1550974e-06,0.0001850173,0.00014917052,2.999532e-05,2.286517e-06,0.0025335345,0.99988735,6.504267e-06,8.494005e-05,1.695423e-06,3.785339e-10
